,userId,username
0,1,Stew
1,2,Satyendra
2,3,Buckeye
3,4,SamtheSham
4,5,Destiny
5,6,Czrgarcia
6,7,AnnieBananie
7,8,Bearsfan
8,9,Kuby
9,10,arghe11282
10,11,Melissa0414
11,12,DarrellM
12,13,Heather
13,14,TechToys
14,15,okrednekgal
15,16,Tessellation
16,17,rstan5121
17,18,Kendel
18,19,flex3117
19,20,RCLSU
20,21,Tuowls
21,22,JEM58
22,23,Rich
23,24,Preeb
24,25,Yoli91
25,26,Blake
26,27,Spuds
27,28,Michael
28,29,roka318
29,30,Jazthepanda
30,31,Falloutboy210
31,32,Dolfan
32,33,Plt1
33,34,Tigerbaby
34,35,teresajohns
35,36,Want300
36,37,Bobby
37,38,Streetglide
38,39,Tabl
39,40,Suzie
40,41,Tasharazzi
41,42,busybee
42,43,Hear
43,44,Ana778941352
44,45,Erinnicole94
45,46,Bernie
46,47,Ziggy
47,48,TLMart
48,49,JimC
49,50,BBuser
50,51,TRLPEACH
51,52,MattB
52,53,Captsky
53,54,lucid417
54,55,Jen24
55,56,MajorDraco
56,57,panzeke
57,58,Nastasiya
58,59,RICK123
59,60,Alyson
60,61,beatle0331
61,62,twins
62,63,JLew133
63,64,Eye1ulost
64,65,Trailblaze
65,66,Kenbrock3
66,67,TomP
67,68,rpmrtn
68,69,MusicMan
69,70,Freddie
70,71,MyAbby1
71,72,Jetsboy
72,73,Rdeleon
73,74,TheBear
74,75,Phintz007
75,76,drd1
76,77,Fire
77,78,KenC
78,79,1mom
79,80,natgeo
80,81,AKTam
81,82,Marco
82,83,LDPM
83,84,MDeezyH2
84,85,SpencerG
85,86,Nicole
86,87,Tigger
87,88,Notsotechie
88,89,JFBJR
89,90,JOCHE
90,91,benjamin
91,92,Allison
92,93,Gingyd
93,94,tinytoy
94,95,Jessica
95,96,kimmie
96,97,Becca
97,98,Jgp1
98,99,Deedee
99,100,lorena
100,101,Dsspeaks
101,102,Laserbeak
102,103,GoodHopeGal
103,104,Jgrimes
104,105,gdionne98
105,106,ThatRandomReviewer
106,107,docw
107,108,Skore
108,109,Gordon
109,110,Izzy
110,111,ChristisKing
111,112,Juicy302
112,113,Robin
113,114,link
114,115,staffmeeting
115,116,Lsp1012
116,117,Willy
117,118,jstac
118,119,Momof3
119,120,DeAnna
120,121,gracie
121,122,Cuevas
122,123,kdla
123,124,Bryan
124,125,Supahfree
125,126,Whit
126,127,das75
127,128,Dap69
128,129,KeepItSimple
129,130,Martie1116
130,131,Sean5421
131,132,MatSW
132,133,Sml11311
133,134,diamond
134,135,Stacymcj
135,136,Taylors
136,137,Wesley
137,138,Michael1412
138,139,Nannyjo
139,140,Amblate
140,141,Dakotaice
141,142,WyldeBill
142,143,Mchiare
143,144,JQisntadumbass
144,145,AmyLeigh
145,146,Panda2018
146,147,Mary
147,148,TheCritic
148,149,Nevaeh
149,150,Raf0002
150,151,Kath
151,152,Rjob74
152,153,rocknrolljessie
153,154,kokirios77
154,155,Matty
155,156,One2free
156,157,Rick
157,158,Hexenbane
158,159,bobbyworld
159,160,Melanie
160,161,Daman
161,162,Onepome
162,163,scottlimpus
163,164,Bestbuyjunkie
164,165,MichiganDude
165,166,Hilda
166,167,snegrif
167,168,funfam3
168,169,Jasonc71
169,170,Lot49
170,171,devinhenkel
171,172,blue
172,173,1deville
173,174,Edw213
174,175,Coop
175,176,bestguy
176,177,Wawa
177,178,Kaya
178,179,myfit2015
179,180,TACO
180,181,MaloIrukandji
181,182,Technogeekster
182,183,Boymom
183,184,meme
184,185,teslas
185,186,smvere
186,187,Tjmere
187,188,RealLifePrincessMommaOf3
188,189,texas
189,190,Munoz425
190,191,Steelhouse11
191,192,Minena
192,193,Gadgets1
193,194,Kia06usmc
194,195,PJOS
195,196,jwilburn
196,197,Holly
197,198,Robert504
198,199,Souza
199,200,steve
200,201,Snowbunny
201,202,TECHK
202,203,sg77
203,204,Morning
204,205,Chevygirl
205,206,Jr10
206,207,techy
207,208,MickeytheMetMan
208,209,Keekee
209,210,Hexrex
210,211,Celli52
211,212,Izzi
212,213,techlady14
213,214,Kefera
214,215,HHarville
215,216,JCD1
216,217,ark12131
217,218,Reaper2099
218,219,Meche
219,220,tmbdoc28
220,221,DPC3
221,222,mattb
222,223,mommabebe09
223,224,2k4k
224,225,DLC320
225,226,Olivia
226,227,JRNOK
227,228,Tyler
228,229,bhrr
229,230,1gra
230,231,gUdsNax
231,232,Pewdewiepie
232,233,12whitestar
233,234,femochie
234,235,anferni671
235,236,TheoG
236,237,Meman220
237,238,Kiki
238,239,vskroo
239,240,Dree
240,241,jjg01
241,242,Gadgets
242,243,Belle
243,244,Leigh
244,245,Turbo
245,246,digger
246,247,MEII
247,248,Cincy05
248,249,Tripndicular
249,250,Bambino
250,251,MtnManMike
251,252,dmcgimpsey
252,253,Juju
253,254,bpackman
254,255,Derek
255,256,Jbheels
256,257,Harbusyone
257,258,Fonlee
258,259,Nano
259,260,Mario
260,261,Jada
261,262,Jaker1
262,263,nanpuf
263,264,nicki
264,265,gmdean
265,266,Jen1981
266,267,scratcher36
267,268,guest
268,269,Romeguy
269,270,April
270,271,BigMac
271,272,Volksman
272,273,Vinnie
273,274,ttredraider
274,275,pammy
275,276,Revuit
276,277,grayson41
277,278,Nuxxer
278,279,Mylove
279,280,Kgrock
280,281,Rocky
281,282,user
282,283,Nerv2014
283,284,SHADOW23STALKER
284,285,Ingie
285,286,jackie
286,287,Alex
287,288,Toshamarriiee
288,289,Ktee
289,290,Jessica84
290,291,Randana
291,292,Nikvt
292,293,Stan
293,294,frheel9
294,295,Buck
295,296,oldandretired
296,297,randomA2resident
297,298,Pink
298,299,Patrick
299,300,MrWatts
300,301,yokod
301,302,Scorpiobleu
302,303,litle
303,304,Jesus
304,305,davepjoneshen
305,306,jleininger
306,307,EZDUZIT
307,308,RCollins912
308,309,Louavulmike
309,310,Chubbs
310,311,pbunch
311,312,Binx
312,313,Kush
313,314,nicole
314,315,drollins431
315,316,Munger
316,317,Ivan
317,318,CheapyD
318,319,Bekah
319,320,Jordan
320,321,Jeri
321,322,LMHagood
322,323,hockey78
323,324,Joe12345
324,325,HotTNMomma
325,326,Jinzheng
326,327,Molly
327,328,Mimi
328,329,babz66
329,330,Hermes25
330,331,termite01
331,332,kimb
332,333,Aunt
333,334,1-Apr
334,335,Soccermom
335,336,harley110aniversary
336,337,DARREN1
337,338,Mis12
338,339,DaQueen
339,340,LBay
340,341,Maypop
341,342,diva
342,343,Smooth
343,344,Marykenfmc
344,345,Pj131
345,346,EllyP
346,347,Jusandy25
347,348,Jayhawker
348,349,ERoc
349,350,RecceGuy
350,351,Maze209
351,352,roamingasia
352,353,photodog
353,354,brent
354,355,BillyD
355,356,IlanaY
356,357,Blackfridayking
357,358,fantomas81
358,359,sticky
359,360,Richie
360,361,Nibbler
361,362,Flowermom
362,363,Macdude
363,364,Yo40
364,365,Princess
365,366,Paige1
366,367,Btellis04
367,368,AdmiralQ
368,369,Lizzy
369,370,Jmackcr
370,371,Wardog21
371,372,Papajuliet
372,373,Bell234
373,374,bugs
374,375,Ladybutterfly
375,376,Supercow56
376,377,Kayjay
377,378,Wolf
378,379,Biffthebully
379,380,Billy
380,381,BestBuyUser
381,382,ahpendo
382,383,Tashie
383,384,Jackie
384,385,Vannie
385,386,Poppycjb
386,387,john
387,388,Tabitha
388,389,LobosFam
389,390,sgalaxy
390,391,explore42
391,392,isaacruiz84
392,393,Plas
393,394,SCOOB1977
394,395,truman
395,396,ExpensiveSkin
396,397,Parmar
397,398,Movieguy
398,399,mama24blessings
399,400,Scitter
400,401,Gdwillia
401,402,cableguy513
402,403,June
403,404,strick
404,405,Creede
405,406,Dana
406,407,Mason
407,408,Chinajam
408,409,Jabba
409,410,Trblmkr
410,411,Neil
411,412,Madden6777
412,413,Joys
413,414,ReadsDaily
414,415,doggggggy
415,416,Xander
416,417,CSER
417,418,Crowe
418,419,rkfb
419,420,Bamboo
420,421,ayc61
421,422,ezze110
422,423,C0x0ash
423,424,Javi
424,425,KiKi
425,426,recruiter89
426,427,KimP
427,428,Heating101
428,429,tifnbil
429,430,pointermom
430,431,Kellas
431,432,peggy
432,433,Fishnan10
433,434,Radx
434,435,Papa
435,436,Lintor
436,437,Ellen
437,438,mespin09
438,439,rdavis4920
439,440,sheri
440,441,Cass
441,442,Spike
442,443,Bucsfanatic
443,444,BobL
444,445,whatnext10
445,446,Samantha
446,447,Debm05
447,448,MasterMan
448,449,iggi
449,450,russ
450,451,Carn
451,452,Vickie
452,453,BongSaw
453,454,dhunt
454,455,JJacknAZ
455,456,Amanda83024
456,457,Raulie21
457,458,CDDs
458,459,Scottlyn
459,460,Grammy
460,461,lAnneP
461,462,Mbryan
462,463,adedios
463,464,lpgonn
464,465,nteku
465,466,Newwers
466,467,VirginiaSlim
467,468,BestBuyjukie
468,469,eman2003
469,470,tannDaClam
470,471,Retired2010
471,472,10100915
472,473,Cheri
473,474,AerieJoyce
474,475,Dmonroy82
475,476,aspen
476,477,ztlbxx
477,478,Tammie
478,479,Tonto
479,480,LeoHan
480,481,Skyline
481,482,AL2016
482,483,clw32oz
483,484,Ricardo1agui
484,485,CoreyD99
485,486,imakev
486,487,DANI
487,488,PJL1
488,489,Theresa
489,490,laffy
490,491,EBIII
491,492,MsWit
492,493,MakenaBeach42
493,494,Hank
494,495,alchase
495,496,Juj14
496,497,Memphis030307
497,498,Lala
498,499,Bkemtp
499,500,Shorty
500,501,jay5
501,502,TinaV6201
502,503,Kdperry
503,504,Johnny01
504,505,Pannow
505,506,Miskatonic
506,507,edrianjude
507,508,Jpeel
508,509,steven
509,510,Starr
510,511,Gqlal
511,512,eco2010
512,513,INWOMAN
513,514,bhm22mc
514,515,katgranite
515,516,Justme
516,517,Love
517,518,ThomasToo
518,519,candysreview
519,520,Faithfy
520,521,Takamala
521,522,tyagiravikumar
522,523,Chuckie
523,524,B6W356
524,525,VaBeach
525,526,SW8442
526,527,Ksmith07
527,528,amontg
528,529,Mollie
529,530,Stillis
530,531,boots
531,532,Sulley
532,533,AHS666
533,534,Peler
534,535,Amazon
535,536,Changosandchangito
536,537,Gofish28
537,538,BenNguyen
538,539,Jenny
539,540,MRsinc3r3
540,541,Nick613
541,542,Raetron
542,543,Ballerina
543,544,Shays115
544,545,JimA
545,546,CeeCee
546,547,Iriss
547,548,Atlantainlove
548,549,Mcr89
549,550,keeling46bb
550,551,icwhatudidthere
551,552,GerryGeek
552,553,Customer
553,554,Cbcb
554,555,DoubleD
555,556,Agarcia
556,557,grannybear
557,558,rich936
558,559,Gigi
559,560,MattC
560,561,Bell
561,562,DavidFF
562,563,LisaOpinion
563,564,Newbie
564,565,vbruss
565,566,MEFlady
566,567,Heath
567,568,runik4444
568,569,STEF
569,570,Sandyyy
570,571,Annoyed
571,572,Glory
572,573,Sexykitty2014
573,574,itsallme
574,575,surfacegal
575,576,Shire
576,577,466
577,578,mike17
578,579,Pdxsamps
579,580,Sunlover
580,581,Canadian
581,582,HLN500
582,583,Fenn0316
583,584,Maaroo
584,585,Mcneilljr32
585,586,Coco
586,587,Lm2000
587,588,Geek
588,589,psychostud
589,590,Mom398
590,591,GamersMom
591,592,Tommy
592,593,Cathy
593,594,rickyvic
594,595,photogshooter
595,596,Duluthian
596,597,TheTAZ
597,598,fubarcrs
598,599,Larry123
599,600,JenniferLNM
600,601,Frank
601,602,WMKnox
602,603,rabbit
603,604,C3nturion1
604,605,Frank1400
605,606,Skull
606,607,Juanita
607,608,PCTech
608,609,JJJJ
609,610,Seminoles808
610,611,tommy
611,612,REKissimmee98
612,613,Victorvon
613,614,Lion1
614,615,cas23
615,616,Drrdh
616,617,Kevin
617,618,TechGuy
618,619,Angelica2k
619,620,Travo
620,621,javirod01
621,622,senna5309
622,623,Toad
623,624,Anacortes
624,625,1612
625,626,Deemoner
626,627,mojoworking
627,628,Judi
628,629,WiggyWoo
629,630,EDrive
630,631,BGriff
631,632,missy
632,633,Werda64
633,634,HulaMama
634,635,KeepOnLearning
635,636,Shise
636,637,case013
637,638,Terry
638,639,luna
639,640,Darius
640,641,Staticmem
641,642,BobS
642,643,MARGARET
643,644,drdread
644,645,Renne
645,646,Rat1m
646,647,Migies
647,648,TVGuy83
648,649,JohnS
649,650,Sadiee
650,651,GrayMark
651,652,RobertT
652,653,Johnnytheking
653,654,BR549TX
654,655,Mawmaw
655,656,dicksquared
656,657,Pumkin81
657,658,Ladybug
658,659,Dontbuy
659,660,Bostondogs
660,661,Jaes
661,662,Carlo
662,663,sunny
663,664,Techie
664,665,DMARC13
665,666,Miguelitotres
666,667,Convert
667,668,William
668,669,Scooby2
669,670,Romanv011
670,671,Mommytinatoo
671,672,Moe1
672,673,GaTraveler
673,674,Jinxy
674,675,mrsw
675,676,Jennifer08
676,677,VICKIW
677,678,Roxanne
678,679,Kimi
679,680,GANESH
680,681,TarheelPhil
681,682,Doubledee
682,683,James
683,684,MommaT
684,685,Onyx
685,686,Jorge
686,687,fungus42
687,688,Techlover
688,689,Spanky
689,690,Nome
690,691,Harley78
691,692,Boomerdog
692,693,jazzy
693,694,Judd
694,695,lmiddleton
695,696,jellyberry
696,697,Demi
697,698,Home1
698,699,Plugthegap
699,700,PopPopPoppingCorn
700,701,reader
701,702,Jaxx
702,703,Gears
703,704,david2437
704,705,Sonny
705,706,Melody
706,707,somileo
707,708,Gamer69
708,709,AngelicByrd
709,710,Mags
710,711,Hubdad
711,712,conman
712,713,Dgreat
713,714,Aidans
714,715,doglover
715,716,Oldmangamer
716,717,Talia501
717,718,mugbug
718,719,Dewy
719,720,Patransa
720,721,HappyWazer
721,722,metacuate
722,723,TinLexington
723,724,7758
724,725,HappyCustomer
725,726,Sean
726,727,Monkey
727,728,Fultz3336
728,729,MadMack
729,730,Donnie
730,731,LizzyMae
731,732,ewohl726
732,733,burns
733,734,Dylanika
734,735,TribeFan
735,736,Julie
736,737,Playbymyrules
737,738,natenkatesmom
738,739,Johnnie
739,740,Sweetflower
740,741,bigislandwave
741,742,Brenda
742,743,Alicia
743,744,Wgnyfinest
744,745,RAMTOO
745,746,Jude
746,747,chk940
747,748,TexasSam
748,749,nan2016
749,750,Zoom
750,751,misterharley
751,752,DeeJay
752,753,Daniel
753,754,Gio07
754,755,Lindac
755,756,KilpatrickRed
756,757,Suzy
757,758,angel
758,759,Flores1984
759,760,Bertram
760,761,jenn
761,762,IH818
762,763,Noneya
763,764,tabman
764,765,Yash
765,766,Randy2
766,767,Tfisher
767,768,Sluggo2013
768,769,ExtremelyUnhappy
769,770,BMAN
770,771,Gabigale1
771,772,Ipadjunkie
772,773,mimi
773,774,Cricket
774,775,Zariiyah
775,776,Petie
776,777,BobVila
777,778,Gifter
778,779,sbennsanta
779,780,caca
780,781,soren
781,782,Lisa
782,783,nomad14
783,784,Kelsey
784,785,GSK7
785,786,Tee9
786,787,Mroldschool
787,788,Cynfro
788,789,Holycow
789,790,Topher
790,791,Katsradio2014
791,792,Fretzilla
792,793,Fred
793,794,Bob43
794,795,zimm
795,796,BBReview
796,797,Kitten
797,798,John204
798,799,MRCQ
799,800,Denis
800,801,Amy69
801,802,Edysel
802,803,Rick07
803,804,Abner
804,805,enforcereric
805,806,Nash
806,807,CherylS
807,808,mxgirl876
808,809,CarterDeKid
809,810,Seamus90
810,811,DRMC
811,812,Gorjusmom
812,813,DNIS37
813,814,bear
814,815,TJay
815,816,lossotos4
816,817,ronnie
817,818,Amandalee2317
818,819,MyishaS
819,820,Meisje
820,821,Jralford8
821,822,cjsoto2
822,823,Keith
823,824,nebrando
824,825,Jfray
825,826,jpjp
826,827,Dackson
827,828,Shizzam
828,829,TeejSC
829,830,Milkman
830,831,BB808
831,832,therock
832,833,DonEH
833,834,Manny
834,835,Marge
835,836,joe1129
836,837,Slystone36
837,838,Monic
838,839,pattichr
839,840,PreacherMike
840,841,Brigettewilliams40
841,842,sweets
842,843,Em17
843,844,hulio5
844,845,onevarg
845,846,Wiggle14
846,847,Parrish6K
847,848,BB13
848,849,johnboy
849,850,Evan
850,851,bullyboo
851,852,DowntownBrown
852,853,Ninjarob
853,854,lukasj94
854,855,momof2
855,856,Elegirl07
856,857,Smithville
857,858,cabbagecade
858,859,Darcy
859,860,Stephen
860,861,Racyta34
861,862,Nortstar
862,863,DLynne
863,864,Lbig
864,865,RaySeattle
865,866,Daveed
866,867,Gonzolean
867,868,Juan
868,869,luiscueva
869,870,jethro
870,871,yimer
871,872,Kimmies
872,873,tasmin
873,874,shhimreading
874,875,Gdub61
875,876,Kindle4Mom
876,877,DynaMan
877,878,JDoggy
878,879,Teddy
879,880,Josie
880,881,keith
881,882,skypilot52
882,883,bob2531
883,884,Bradley
884,885,Karthik
885,886,WKKA
886,887,Costarick
887,888,Picky
888,889,Sean242
889,890,Jimbo
890,891,carolann
891,892,Mike77
892,893,hakunabcbc
893,894,supermom
894,895,Schuesgirl2
895,896,Desperado
896,897,redhead
897,898,Thor
898,899,Brynwithau
899,900,jdub
900,901,wdeanna48
901,902,Medicangel
902,903,TracyBCOBruin
903,904,LooLoo777
904,905,divapb
905,906,MrLemonjello
906,907,Jag40
907,908,JoeW
908,909,Delver1
909,910,QuitaMomma
910,911,Boytigas
911,912,Bubba
912,913,reviewer
913,914,Cindy5150
914,915,RayG
915,916,MsChay
916,917,JIMMY47
917,918,Kpkp79
918,919,TRae
919,920,ChrisP
920,921,JimB88
921,922,Bradman
922,923,00JK
923,924,Beccad79
924,925,klett
925,926,MusicLover
926,927,Tapmethis
927,928,Elise57
928,929,JLT421
929,930,Pagnmickie
930,931,Peterg
931,932,Kborns
932,933,irratated
933,934,gimpy72
934,935,EHST
935,936,PUPPY
936,937,tonyb
937,938,Miaa
938,939,Parcoin2
939,940,Broadwayman
940,941,Mijenx
941,942,babe
942,943,GolfQueen
943,944,Rhino
944,945,ssc6
945,946,jmac568
946,947,Chrisell
947,948,Elemteach
948,949,lp77
949,950,Evelyn
950,951,volunteer73
951,952,Beech
952,953,silverbullet64
953,954,Scooby
954,955,Chuck
955,956,eldog52
956,957,Prose
957,958,lito
958,959,monkeyman
959,960,Mikeh
960,961,Alwaysbl1nk
961,962,Packermn8
962,963,TerriD
963,964,Awesome55544
964,965,Nichip
965,966,AFPRO
966,967,Subob
967,968,ActiveOne
968,969,MNUser
969,970,Kibil
970,971,Zigpig
971,972,2gether4ever
972,973,coreyavis
973,974,Shun
974,975,Lakle
975,976,NateSoliz
976,977,alabamatik
977,978,JBD1127
978,979,MissHarm
979,980,jgmhunter
980,981,tinapais
981,982,Cdragonsky
982,983,Pkpk
983,984,Wagz11
984,985,QueenT
985,986,AlliP
986,987,slgtr1
987,988,DaveinKansas
988,989,JShore
989,990,Cooldad
990,991,Curdy
991,992,EliseC
992,993,Sully2
993,994,mikefree
994,995,BajanPrincess
995,996,Dazeedog
996,997,KokomoGuy
997,998,Tina
998,999,Nickster19
999,1000,Renessa14
1000,1001,viejo1973
1001,1002,KenJ
1002,1003,RayVM
1003,1004,Pootiewoot
1004,1005,Happy
1005,1006,awsm
1006,1007,derick
1007,1008,b1nary
1008,1009,HMike
1009,1010,JMH28
1010,1011,Artstar
1011,1012,Waterski1
1012,1013,TechFan
1013,1014,BBCUSTOMER4LIFE
1014,1015,HAT11
1015,1016,frank
1016,1017,mruiz9
1017,1018,loug
1018,1019,PutnamD
1019,1020,Rlee
1020,1021,Kithzeez
1021,1022,2112
1022,1023,Kuch15
1023,1024,mk1310
1024,1025,Fredbear
1025,1026,sandy1
1026,1027,AvidReader
1027,1028,Jen58
1028,1029,Btb611
1029,1030,Dwight
1030,1031,Gunni
1031,1032,Michelle
1032,1033,auntscrappie
1033,1034,Stu76
1034,1035,ECarp
1035,1036,PT53226
1036,1037,Aaronk6387
1037,1038,goglobal
1038,1039,TimothyDon
1039,1040,Koko
1040,1041,Mar-99
1041,1042,Hikjer
1042,1043,karue
1043,1044,Peggy
1044,1045,jc1in02
1045,1046,Pacdive
1046,1047,jeopcon69
1047,1048,Tina121588
1048,1049,Chelsey
1049,1050,masonboy
1050,1051,Wifeofrecentespressolover
1051,1052,Mandie
1052,1053,Loop
1053,1054,Bill
1054,1055,DannyC
1055,1056,jerseygirl
1056,1057,OBWon
1057,1058,Angie
1058,1059,anita
1059,1060,Jimp
1060,1061,Elizabeth
1061,1062,Boymikey77
1062,1063,David64
1063,1064,Mandy
1064,1065,Fran
1065,1066,doyson
1066,1067,ChicoMalo2
1067,1068,Jam24
1068,1069,JCUT42
1069,1070,TAii
1070,1071,Reese
1071,1072,Kamp
1072,1073,eslongview
1073,1074,Alky
1074,1075,SouthStreet
1075,1076,highmaintenance
1076,1077,LorieW2017
1077,1078,RIck
1078,1079,Skh10
1079,1080,JustJen
1080,1081,DodgeDart920
1081,1082,Walticus
1082,1083,Jonathan
1083,1084,Chula1
1084,1085,cslaght67
1085,1086,Bucktrack0
1086,1087,Alexa
1087,1088,Pammie
1088,1089,Gabby
1089,1090,Griff5001
1090,1091,Donna
1091,1092,MLee
1092,1093,DaddyLife
1093,1094,Rav4
1094,1095,KEFF2
1095,1096,MVPsDad
1096,1097,BigPurple
1097,1098,Krista
1098,1099,Boomstick
1099,1100,Sparky
1100,1101,ThatFriendWhoAsked
1101,1102,thestral
1102,1103,Blckprince
1103,1104,wheels
1104,1105,Kimber
1105,1106,Ninja
1106,1107,ChargerD
1107,1108,Sparky4
1108,1109,Rme03
1109,1110,8598
1110,1111,Carolskendel
1111,1112,jcfl1003
1112,1113,randy1154
1113,1114,Trentendo
1114,1115,Sthom025
1115,1116,father
1116,1117,WayneEnterprises
1117,1118,Blahblahsomeone
1118,1119,maryann
1119,1120,TRMTCB
1120,1121,Tnay
1121,1122,Teri
1122,1123,Rodman22
1123,1124,HVAChelp
1124,1125,Terry57
1125,1126,Jbear
1126,1127,SHays
1127,1128,CRA34
1128,1129,Mbat
1129,1130,AmandaPanda
1130,1131,Farmboy
1131,1132,ckpatx
1132,1133,Unique
1133,1134,chadc
1134,1135,DebG11
1135,1136,fatherofthebride
1136,1137,kcoe
1137,1138,Jared
1138,1139,MICPRN
1139,1140,54035723
1140,1141,Lelandro
1141,1142,Judy
1142,1143,DanieJack
1143,1144,Bkm2888
1144,1145,Vincent
1145,1146,9thwardboi
1146,1147,Gameon
1147,1148,Orgjuice
1148,1149,ramita
1149,1150,Thelump
1150,1151,Zeek1106
1151,1152,Stacaw
1152,1153,Quixotic13
1153,1154,Ccrain
1154,1155,Tom17004
1155,1156,Bubbles
1156,1157,mary
1157,1158,faceman
1158,1159,BahaPDX
1159,1160,bcgphoto
1160,1161,NotTechie
1161,1162,Doug
1162,1163,Colleen
1163,1164,Prady
1164,1165,Roscoe2365
1165,1166,Chippy
1166,1167,Lynne134
1167,1168,ndfer
1168,1169,robz
1169,1170,122651
1170,1171,JoeG
1171,1172,blue22
1172,1173,billy
1173,1174,Zoey
1174,1175,Khan
1175,1176,1254
1176,1177,ATomP
1177,1178,Ckkparker
1178,1179,Kellif227
1179,1180,Mitz
1180,1181,Bryguy
1181,1182,PAULY
1182,1183,Markw
1183,1184,gmort
1184,1185,Madi1955
1185,1186,Fritz
1186,1187,pgadget
1187,1188,Robp
1188,1189,Abbey
1189,1190,Fredy1
1190,1191,Johnboywalt
1191,1192,KyloDen
1192,1193,PeteMcG
1193,1194,boboh
1194,1195,dinog
1195,1196,SidSoman
1196,1197,DivaDeb
1197,1198,Spencer
1198,1199,Kleber
1199,1200,bobkinaz
1200,1201,SATECH
1201,1202,Gram
1202,1203,PFGFH
1203,1204,camelrider
1204,1205,BOBBY
1205,1206,Bluedog101
1206,1207,Kid7735
1207,1208,North0529
1208,1209,Loca
1209,1210,LabCab
1210,1211,shangels
1211,1212,Kassman
1212,1213,LukeinGA
1213,1214,JDogg
1214,1215,Siv121
1215,1216,MissLucy
1216,1217,rmwarriors
1217,1218,uxotech
1218,1219,Kindle
1219,1220,HondaVtec
1220,1221,Bella
1221,1222,Mama Mos
1222,1223,TechSenior
1223,1224,Tynya74
1224,1225,teddybear
1225,1226,Roby
1226,1227,Tennisgal
1227,1228,Alwaysonthego
1228,1229,gamerbot
1229,1230,Hhcabinets
1230,1231,Shae
1231,1232,nick
1232,1233,Martikel13
1233,1234,Cubsin2016
1234,1235,rainypages
1235,1236,LillyMiami
1236,1237,Squirl
1237,1238,Rtorrento
1238,1239,Msimon
1239,1240,Cats2010
1240,1241,Sweetlady
1241,1242,Crowhitt
1242,1243,Mavsfan09
1243,1244,DL1976
1244,1245,Tsullir
1245,1246,hags
1246,1247,Lisdawnmag
1247,1248,KimT
1248,1249,Murphy
1249,1250,Amparo419
1250,1251,stacyjo
1251,1252,evan
1252,1253,Bampi
1253,1254,860eagle
1254,1255,DryerThanBefore
1255,1256,Courtney
1256,1257,Rochelle21
1257,1258,Williesgirl
1258,1259,semojr
1259,1260,higear
1260,1261,jcameron79
1261,1262,Jamarti4
1262,1263,Osmaidi
1263,1264,ProudDad
1264,1265,Shep
1265,1266,silverwhop
1266,1267,ladylove
1267,1268,kals
1268,1269,Bookmdanno
1269,1270,mavial
1270,1271,Sygaco
1271,1272,CaptinVic
1272,1273,ikkicole
1273,1274,Samiam
1274,1275,BigD
1275,1276,Krissyliz
1276,1277,roxxx
1277,1278,dnkhanson
1278,1279,Xtreme56
1279,1280,Jtor007
1280,1281,Olds442
1281,1282,marco
1282,1283,PatW
1283,1284,smd3284
1284,1285,Bunny
1285,1286,GGinBC
1286,1287,Teresatf3
1287,1288,Reviewer
1288,1289,ShowMeSenate
1289,1290,Iceman
1290,1291,LisaCT
1291,1292,MissJanetLee
1292,1293,Dooly
1293,1294,Linda
1294,1295,Teresa
1295,1296,wiltonGuy
1296,1297,mama5
1297,1298,Slim
1298,1299,TickleMePink
1299,1300,DesktoptoLaptop
1300,1301,Sandilopez
1301,1302,Zanthrin
1302,1303,Walt
1303,1304,Giorgio
1304,1305,JessicaPerez
1305,1306,Erin
1306,1307,gigla
1307,1308,Murr
1308,1309,fitfreak
1309,1310,DBG126
1310,1311,mydaycare
1311,1312,clownfishguy
1312,1313,Mamsan5
1313,1314,9305
1314,1315,lokey1069
1315,1316,Cgjs
1316,1317,Grandma
1317,1318,Chartholomew
1318,1319,dama
1319,1320,MaxWitherspoon
1320,1321,Micaflac
1321,1322,iowaman44
1322,1323,DJDJ
1323,1324,Slyguy1
1324,1325,Kburgess2
1325,1326,JMSD
1326,1327,spurdie
1327,1328,filter
1328,1329,EddieG
1329,1330,TaterX
1330,1331,Chance
1331,1332,Pbblue
1332,1333,Annette
1333,1334,austin512
1334,1335,Tjsteward
1335,1336,mathmike4
1336,1337,makedog
1337,1338,Sirlucas4
1338,1339,Khowey
1339,1340,Neencat
1340,1341,Fromunda
1341,1342,Mere80
1342,1343,agzela
1343,1344,Timothy
1344,1345,Prelude428
1345,1346,Lafeyette
1346,1347,Ob1mn
1347,1348,Mbeazy
1348,1349,DJof4
1349,1350,bworth37
1350,1351,cracineo
1351,1352,MegC
1352,1353,bsn6
1353,1354,vpavbbm
1354,1355,KatsTablet
1355,1356,MotivRud
1356,1357,Skeet
1357,1358,ladystix
1358,1359,RayC
1359,1360,Bart15
1360,1361,Kathy
1361,1362,nclev
1362,1363,raulsk
1363,1364,Vette
1364,1365,cwilliams706
1365,1366,DragonHawk1960
1366,1367,merafa
1367,1368,Kevinandkalii
1368,1369,rosakolb
1369,1370,Lkoppel
1370,1371,Melissa
1371,1372,Usher
1372,1373,Hosebag22
1373,1374,ddub88
1374,1375,Sasa
1375,1376,Keth181
1376,1377,Griz
1377,1378,Tarun
1378,1379,hammer
1379,1380,Jazz
1380,1381,Thomas
1381,1382,BMack
1382,1383,bestimpressionz
1383,1384,NJV1
1384,1385,MikeyDad
1385,1386,4Abear
1386,1387,9jamerican
1387,1388,Kcanino0812
1388,1389,cubiebear6
1389,1390,Harry
1390,1391,bobs72ss
1391,1392,Fastalker
1392,1393,Eeyore57
1393,1394,Jeremy
1394,1395,Parshu
1395,1396,Teanna
1396,1397,RobDrob
1397,1398,Vadher4799
1398,1399,Daddyoh
1399,1400,Debra
1400,1401,Cody
1401,1402,rickh1235
1402,1403,PharminFlorida
1403,1404,N1BBcustomer
1404,1405,boughtarlo
1405,1406,Decider
1406,1407,Ashish
1407,1408,Ssaviola85
1408,1409,Albert
1409,1410,JTShep
1410,1411,Kalimeli
1411,1412,GARY
1412,1413,ZIGEPS
1413,1414,bejezus
1414,1415,Kngovert
1415,1416,Jsw225
1416,1417,opchiasm
1417,1418,Joseph
1418,1419,johnnyjojojo
1419,1420,Somebody
1420,1421,eanniec
1421,1422,Quinn
1422,1423,JROC
1423,1424,Boss
1424,1425,BuddyBoy
1425,1426,jkc107
1426,1427,Nate
1427,1428,Ajia
1428,1429,Ivanmanxi
1429,1430,Angel1960
1430,1431,bobalouie101
1431,1432,Billie
1432,1433,kcladyz
1433,1434,TimC
1434,1435,Invest1
1435,1436,trackiehigh
1436,1437,Tito
1437,1438,GrandpaJim
1438,1439,BillyC
1439,1440,pemcc72
1440,1441,Goomba
1441,1442,Hernandedz
1442,1443,Coupe
1443,1444,Jsanchez
1444,1445,Jtdt
1445,1446,CameroJim
1446,1447,Bubba62
1447,1448,Darque
1448,1449,BobbyG
1449,1450,BarbaraM
1450,1451,Wiggles
1451,1452,Xersize
1452,1453,IphoneOwner
1453,1454,MrsB21
1454,1455,CoachSean
1455,1456,latinistra
1456,1457,Tablet
1457,1458,5370
1458,1459,Kingoftheworld
1459,1460,Drbelvue
1460,1461,Superuser37
1461,1462,BULLETBOB
1462,1463,Juligvkm
1463,1464,Simple
1464,1465,Marty2016
1465,1466,SuzanneN
1466,1467,Bigmountain25
1467,1468,AMA2
1468,1469,tutii
1469,1470,Jo55
1470,1471,fivespeed
1471,1472,Cjackprays1
1472,1473,jjef
1473,1474,Wireguy
1474,1475,Susie
1475,1476,Bear
1476,1477,mysttribe
1477,1478,Glock26
1478,1479,Williams
1479,1480,hennessy
1480,1481,ThisClickAintFree
1481,1482,Junior
1482,1483,MomfromTexas
1483,1484,jomamma
1484,1485,Donald
1485,1486,Sammi
1486,1487,Vijayan
1487,1488,Rama
1488,1489,DoubleH
1489,1490,Jayjag
1490,1491,countryphotography71
1491,1492,Petey1145
1492,1493,JoyL
1493,1494,Becky
1494,1495,Crissy
1495,1496,Jovanna
1496,1497,Nathan
1497,1498,JACV
1498,1499,booklady2
1499,1500,PJWSTKTN
1500,1501,MiamiNacho
1501,1502,Scooby123
1502,1503,LadyD
1503,1504,Sail1
1504,1505,Venti
1505,1506,Brigitte
1506,1507,AEBY
1507,1508,Jus10nHouston
1508,1509,John7781
1509,1510,maria
1510,1511,WallyWorld
1511,1512,Jenn
1512,1513,Patty
1513,1514,Dshopper8
1514,1515,mrsv
1515,1516,papa
1516,1517,Ipadair2
1517,1518,DonJ
1518,1519,msnutnhoni
1519,1520,Tess
1520,1521,Nonnie
1521,1522,MonMave
1522,1523,Nanaof5
1523,1524,Boshi
1524,1525,Steve
1525,1526,SXMgiftcardman
1526,1527,Longmire34
1527,1528,trbldwine3
1528,1529,Samsungtv22222222
1529,1530,darkangel1010
1530,1531,Jimfox45
1531,1532,OKyES
1532,1533,Bears4710
1533,1534,Cleanbuddha
1534,1535,Clint
1535,1536,nikki
1536,1537,slappy1
1537,1538,jdub2857
1538,1539,Scrubz
1539,1540,Kmax
1540,1541,Okraman
1541,1542,AB79
1542,1543,Pita
1543,1544,Kelly
1544,1545,Daptek
1545,1546,Caroljoy
1546,1547,Jeepster
1547,1548,tamtts1948
1548,1549,fasteddiek
1549,1550,Skip
1550,1551,JayKo
1551,1552,iDroidGuy
1552,1553,gloria
1553,1554,molady
1554,1555,Gramzof3
1555,1556,Tpc88888
1556,1557,icanjp
1557,1558,Ericka
1558,1559,1985Taetx16
1559,1560,Jayman
1560,1561,8910Persons
1561,1562,chmiss
1562,1563,bleaustarfish
1563,1564,mamengineer
1564,1565,Tilreeves
1565,1566,Jojo
1566,1567,MJMAC
1567,1568,BiggerTigger
1568,1569,Richyrick
1569,1570,candy
1570,1571,Candy
1571,1572,Tom
1572,1573,DUDE1
1573,1574,CrashPusher
1574,1575,Yazmin
1575,1576,tech7
1576,1577,Fred0149
1577,1578,Paddlegirl
1578,1579,technogranny
1579,1580,JayChiTown
1580,1581,Krmjjb
1581,1582,AmateurGoProer
1582,1583,misssnappy56
1583,1584,jayfrombk
1584,1585,Steelerfan
1585,1586,Ernie
1586,1587,bmarino18
1587,1588,Yani
1588,1589,char4
1589,1590,Crazy02
1590,1591,shorty8338
1591,1592,Francis
1592,1593,kennyman
1593,1594,kimmy
1594,1595,aly102
1595,1596,Momofgirls
1596,1597,flexorcist
1597,1598,Jigs
1598,1599,Cameraguy
1599,1600,Iodine
1600,1601,Pete
1601,1602,Jags
1602,1603,MeeMee
1603,1604,Kml001983
1604,1605,firstrambo1
1605,1606,JackieG
1606,1607,RAJKIRAN
1607,1608,Fifa12machine
1608,1609,Kairos
1609,1610,Dave3635
1610,1611,OldDude
1611,1612,samboo
1612,1613,floridapete
1613,1614,DukeofCL
1614,1615,TazMonkeyMan
1615,1616,MichaelHicksinPA
1616,1617,Boffin
1617,1618,jacoba
1618,1619,Tbone
1619,1620,Brett
1620,1621,TabletQueen
1621,1622,keemakitty
1622,1623,Chavez
1623,1624,Pritha
1624,1625,Rajj
1625,1626,Ebald
1626,1627,BrianR
1627,1628,Ellie3
1628,1629,disappointedauntie
1629,1630,Ranae
1630,1631,Stacy
1631,1632,Alf56
1632,1633,JM808
1633,1634,dm32563
1634,1635,boste03
1635,1636,Leelipp
1636,1637,NIKE
1637,1638,peaches1
1638,1639,Magckmn
1639,1640,G8rgrad98
1640,1641,Dee51
1641,1642,Mommysilver
1642,1643,pogy
1643,1644,Emilydub
1644,1645,IHEARTsxm
1645,1646,ThatGuy
1646,1647,Angelina
1647,1648,bjrds170
1648,1649,LoveToShop
1649,1650,Chuey
1650,1651,Pegs
1651,1652,ChrisH
1652,1653,Butterfly
1653,1654,Cinder12
1654,1655,Candy63
1655,1656,NateDogg
1656,1657,DadofBear
1657,1658,smoothrider12345678
1658,1659,Epoks
1659,1660,jlpd
1660,1661,MC4450
1661,1662,KaySoIn
1662,1663,MikeW
1663,1664,Rittir
1664,1665,smurf1960
1665,1666,Tricky
1666,1667,DanPA
1667,1668,emycase
1668,1669,jcarrio
1669,1670,Mrgoodtime
1670,1671,hippychick
1671,1672,Rosario
1672,1673,Factchecker
1673,1674,Heather3
1674,1675,jason
1675,1676,Bevykay
1676,1677,Johnny
1677,1678,Mommy
1678,1679,Ledge
1679,1680,CaeRock
1680,1681,Sfcc6
1681,1682,needabreak
1682,1683,Oneerc
1683,1684,shaneb2017
1684,1685,BigEd
1685,1686,Sandi987
1686,1687,Gibzilla
1687,1688,TCbo
1688,1689,Hermosa
1689,1690,Teder
1690,1691,Mommyof4
1691,1692,W4R333
1692,1693,JOHNNYWHO
1693,1694,Sambuy87
1694,1695,Revverend
1695,1696,katieful
1696,1697,Best
1697,1698,Manda
1698,1699,rabbitmv
1699,1700,Kennymac29
1700,1701,JK27
1701,1702,MzPat
1702,1703,Maxi
1703,1704,KittyKat
1704,1705,phyther
1705,1706,TerBer
1706,1707,gorzalskism
1707,1708,birdsonabat
1708,1709,Lumia
1709,1710,WaterRat
1710,1711,Shelleyp
1711,1712,malabrot
1712,1713,Friolenito
1713,1714,luckybug
1714,1715,Ajay
1715,1716,Bug293
1716,1717,tankbuster39
1717,1718,Dave
1718,1719,Intheknow
1719,1720,Mrskim
1720,1721,Tony
1721,1722,Wazzie65
1722,1723,Carl
1723,1724,Beni
1724,1725,tcl617
1725,1726,ReviewerExtraordinaire
1726,1727,kcerps
1727,1728,andersonshell1972
1728,1729,chery
1729,1730,Epinzon25
1730,1731,jeremy479ark
1731,1732,tntpraz
1732,1733,SMAC
1733,1734,hiyasar
1734,1735,Sinkr
1735,1736,Lester
1736,1737,LarryT
1737,1738,Kashtown
1738,1739,philipsmom
1739,1740,gates
1740,1741,chi20
1741,1742,Jose
1742,1743,Dail67
1743,1744,Tazz141
1744,1745,onelove
1745,1746,zephyr
1746,1747,Selina
1747,1748,Ashman
1748,1749,DE28
1749,1750,Sassy
1750,1751,Cassandra
1751,1752,Tigger0311
1752,1753,Nanou
1753,1754,Chacha
1754,1755,Wonderful
1755,1756,OD3877
1756,1757,Selk
1757,1758,Wifie
1758,1759,901inspector
1759,1760,Norman
1760,1761,Tfish
1761,1762,Foxie
1762,1763,Anthony
1763,1764,akilanmc
1764,1765,Dom1
1765,1766,Kevobuy
1766,1767,Grannyt
1767,1768,Mickey
1768,1769,Bobby09
1769,1770,Wife
1770,1771,BowHunter
1771,1772,Llml
1772,1773,John
1773,1774,Nube
1774,1775,Slikie
1775,1776,richard
1776,1777,GoBlue
1777,1778,Solo10
1778,1779,Weritabonita
1779,1780,Garcij2
1780,1781,JWGRANT2
1781,1782,Mama
1782,1783,Jethro
1783,1784,RBares
1784,1785,JeffW
1785,1786,Tongtong
1786,1787,SteinyD
1787,1788,Angelsobe
1788,1789,omers
1789,1790,Angfoo
1790,1791,Sparky742
1791,1792,Brathead
1792,1793,rcuti
1793,1794,roje1
1794,1795,Collins
1795,1796,Desire604
1796,1797,Ivanhoe
1797,1798,adeline2010us
1798,1799,Curlygirl
1799,1800,Ciro
1800,1801,lonely
1801,1802,jncneal
1802,1803,Eddie485
1803,1804,Jesse
1804,1805,techpad42
1805,1806,Jacobplays11
1806,1807,Geena
1807,1808,Girl10
1808,1809,JMaC
1809,1810,Moose
1810,1811,EDNA
1811,1812,fuji
1812,1813,Hoot57
1813,1814,yhmitchell
1814,1815,Elaine
1815,1816,sebagalaxy
1816,1817,Yesman
1817,1818,nita
1818,1819,Pamela
1819,1820,Mateo
1820,1821,Dubber
1821,1822,Deanna
1822,1823,MaryS
1823,1824,booboo
1824,1825,jblank
1825,1826,FireGuy
1826,1827,Triway
1827,1828,ThatGuyWelch
1828,1829,Gene
1829,1830,Irishannie
1830,1831,Claudy
1831,1832,anjo
1832,1833,Edward
1833,1834,Scogar
1834,1835,ReyS
1835,1836,Nurse86
1836,1837,Laroccs
1837,1838,KAL12
1838,1839,Tori
1839,1840,Tibbs
1840,1841,Anna
1841,1842,Sheri
1842,1843,Nanna
1843,1844,Stoney
1844,1845,Easyeddie66
1845,1846,Owney
1846,1847,Farmingnana
1847,1848,Sig20guy
1848,1849,Miller
1849,1850,libby
1850,1851,WorstHello
1851,1852,neuby
1852,1853,nice
1853,1854,Simone
1854,1855,Ollie
1855,1856,ccdriver1099
1856,1857,rlmgolfer
1857,1858,Bemis
1858,1859,Sillg1
1859,1860,eschwable
1860,1861,MDDad
1861,1862,Deb1958
1862,1863,madrid
1863,1864,Pauline
1864,1865,CuttaLoc314
1865,1866,photodude
1866,1867,Tim68
1867,1868,jeff
1868,1869,Trice
1869,1870,mao1
1870,1871,Golf
1871,1872,breezykee10
1872,1873,Allie
1873,1874,ChiKali
1874,1875,Peppy
1875,1876,Josaphine
1876,1877,Paypay
1877,1878,Mtbike
1878,1879,Navi
1879,1880,LoveToRead
1880,1881,2poodlesmom
1881,1882,lemi
1882,1883,MONEYMAKINGMAPP
1883,1884,Quiltslady
1884,1885,Happylife
1885,1886,Harwood
1886,1887,topshopper
1887,1888,Precious
1888,1889,LoveTech
1889,1890,Zavala
1890,1891,fotobug224
1891,1892,Jeanie
1892,1893,JoseP
1893,1894,Jimmy
1894,1895,Dwill
1895,1896,PRINTER
1896,1897,Bill9698
1897,1898,Davehughes3
1898,1899,kev723
1899,1900,LoneWolf
1900,1901,Sass2050
1901,1902,AZ23b
1902,1903,Lumpy
1903,1904,mjaymesmoore
1904,1905,Gomogomo
1905,1906,Richardm1981
1906,1907,SpeakerFreak
1907,1908,maggie
1908,1909,Boomerchick
1909,1910,Tacopaco
1910,1911,alderave1
1911,1912,Joestixx
1912,1913,Courtkap
1913,1914,SteveW
1914,1915,Zimmerman
1915,1916,Zmomma1
1916,1917,jawz
1917,1918,Maxe20
1918,1919,Melita
1919,1920,Stayfran64
1920,1921,ksquillin
1921,1922,SisterShoppers
1922,1923,Maximus
1923,1924,EileenM
1924,1925,papalunchick
1925,1926,Nirvana
1926,1927,eddylaura
1927,1928,kflynn
1928,1929,46chevy
1929,1930,Khrysoar
1930,1931,smellthemallair
1931,1932,KayP
1932,1933,Jmarie
1933,1934,Reader
1934,1935,teska
1935,1936,peoplebang
1936,1937,Ronny
1937,1938,Debbie
1938,1939,Karrie
1939,1940,Wighead
1940,1941,Augie
1941,1942,FDJBuyer
1942,1943,CHeil402
1943,1944,Pammy
1944,1945,Eliza
1945,1946,Home
1946,1947,Urban
1947,1948,Theriflemen
1948,1949,Meleck
1949,1950,texasjohnny
1950,1951,JaiL
1951,1952,DMS13
1952,1953,Mrbilly
1953,1954,Finicky
1954,1955,Ventura
1955,1956,GREAT
1956,1957,ellisonh
1957,1958,nsbagadio
1958,1959,Joey
1959,1960,ahorvath01
1960,1961,Duillaith
1961,1962,Chas
1962,1963,Me2016
1963,1964,Lanette
1964,1965,Chadp81
1965,1966,BlueJeans
1966,1967,MonicaM
1967,1968,btdpi
1968,1969,MonLaRose
1969,1970,MJ1234
1970,1971,Jawr
1971,1972,Lala1
1972,1973,amistad
1973,1974,Momof2kidz
1974,1975,dandandan
1975,1976,fire
1976,1977,laf452
1977,1978,winstonsdad
1978,1979,Awesomelena
1979,1980,BobbyDigtal
1980,1981,GlenInPTC
1981,1982,Unknown
1982,1983,Tyree
1983,1984,Kamale616
1984,1985,Greg
1985,1986,Auntie
1986,1987,riwa
1987,1988,techgeek
1988,1989,pjae4121
1989,1990,Kurt
1990,1991,Amazonqueen
1991,1992,Arun
1992,1993,DD
1993,1994,Babylon
1994,1995,Denali08
1995,1996,Techsavy
1996,1997,EVMissy
1997,1998,rushfan1
1998,1999,Joan1989
1999,2000,Ceejo
2000,2001,Mwhite132
2001,2002,Karrush
2002,2003,gman
2003,2004,MaDukes
2004,2005,Lyns
2005,2006,Steve2111
2006,2007,gene
2007,2008,jedimaster
2008,2009,Hiltonhead
2009,2010,Mom94
2010,2011,mintoo
2011,2012,Klingejm
2012,2013,zRoyals
2013,2014,haiisenberg
2014,2015,clan
2015,2016,Abele
2016,2017,MotherOf4
2017,2018,Lecale
2018,2019,JGDomke
2019,2020,hotleggs
2020,2021,Buckos69
2021,2022,Isk5
2022,2023,JeremyRem
2023,2024,Tweekem
2024,2025,Johnson92
2025,2026,icemike1975
2026,2027,DonnaB
2027,2028,opsmgr3774
2028,2029,bubble
2029,2030,red1
2030,2031,cggirl
2031,2032,Scott
2032,2033,DWOdom
2033,2034,tonychavez
2034,2035,DHBvilleIN
2035,2036,Clarabella
2036,2037,Lamchop
2037,2038,Kessenwt
2038,2039,dbaron
2039,2040,Itsy
2040,2041,MovieMagic
2041,2042,Davek
2042,2043,Cocopuff
2043,2044,Concert
2044,2045,CraigJ5974
2045,2046,rpspider
2046,2047,JENTIN
2047,2048,Lolalilly
2048,2049,DMan
2049,2050,clos2132
2050,2051,Malibu
2051,2052,llyyue
2052,2053,Mik3yRobb5
2053,2054,Chloe
2054,2055,Savageks
2055,2056,Jmac
2056,2057,buttercup
2057,2058,ToyGrandad
2058,2059,confusedmama
2059,2060,dwade39
2060,2061,Notdub
2061,2062,Dskies
2062,2063,nvcop
2063,2064,C123u
2064,2065,Kilo
2065,2066,Taylormade
2066,2067,Shawn
2067,2068,Chuy
2068,2069,Bugbasher
2069,2070,anil
2070,2071,Saratogagal
2071,2072,watchtimer100
2072,2073,jogger
2073,2074,PN123
2074,2075,Jvier
2075,2076,Sawicky
2076,2077,Palmor
2077,2078,Lwm333
2078,2079,Reneerid
2079,2080,Echo
2080,2081,Freebird
2081,2082,Wanoo
2082,2083,Bo75020
2083,2084,WentzvilleFamily
2084,2085,Rudy
2085,2086,Madwildcat
2086,2087,MMRS29
2087,2088,wiseguy
2088,2089,Jobendab
2089,2090,Diamond2
2090,2091,JustinJales
2091,2092,cantuc
2092,2093,KWJ8500
2093,2094,Dranktheapplejuice
2094,2095,Arpit
2095,2096,Ashley
2096,2097,Barisch
2097,2098,1818
2098,2099,TPLink
2099,2100,bullwinkle175
2100,2101,Grandma2four
2101,2102,Jessa
2102,2103,Steven
2103,2104,Klif
2104,2105,Kitchen
2105,2106,hardaway
2106,2107,Joneal5136
2107,2108,JohnDood1
2108,2109,Nancy
2109,2110,CasualFan
2110,2111,protector1
2111,2112,JENK201
2112,2113,Dilly
2113,2114,Ohana
2114,2115,Max1
2115,2116,Edub71
2116,2117,FMDP
2117,2118,callitlikeiseeit
2118,2119,gymmom
2119,2120,Marisha
2120,2121,Jules
2121,2122,Jere
2122,2123,Fanboy
2123,2124,Bitzi
2124,2125,LADYD92
2125,2126,Eswole
2126,2127,PaulS
2127,2128,KBuyer
2128,2129,UltimateHamm
2129,2130,Redz
2130,2131,Nick
2131,2132,Smroward
2132,2133,22Tronic
2133,2134,Yesh
2134,2135,elsa
2135,2136,ldouglas
2136,2137,Diana
2137,2138,kjella
2138,2139,Txmama
2139,2140,Taylor
2140,2141,Ruff
2141,2142,st2005
2142,2143,Kimyata
2143,2144,Ranky
2144,2145,caligirl
2145,2146,NTKramer
2146,2147,Katzmews
2147,2148,SoldBytech
2148,2149,D7162
2149,2150,BlackOrpheus68
2150,2151,Sheila
2151,2152,JennTerr
2152,2153,Zlady
2153,2154,daniel0son
2154,2155,Leesa
2155,2156,DustinS
2156,2157,Rojo
2157,2158,Amlitt4
2158,2159,Johnnyblack
2159,2160,Flash
2160,2161,BestPurchaser
2161,2162,Yopepe
2162,2163,luvelectroniks
2163,2164,Kmlfgi
2164,2165,ianmckaye
2165,2166,Z71Cowboy
2166,2167,PatF
2167,2168,cnicole114810
2168,2169,KrisK
2169,2170,Krampus
2170,2171,jimr757
2171,2172,Allan
2172,2173,yolo
2173,2174,Juanitoalvarez
2174,2175,Vikash
2175,2176,btcwgt
2176,2177,DSuite
2177,2178,Garcia24
2178,2179,Mona
2179,2180,MrsT
2180,2181,Ace1
2181,2182,john1509
2182,2183,Bubslady
2183,2184,Splorticus
2184,2185,flashk
2185,2186,TheNapster
2186,2187,KGaines
2187,2188,Drjim
2188,2189,Dallasguy79
2189,2190,MikeNof
2190,2191,JoeSa
2191,2192,lasmileysm
2192,2193,Weiser
2193,2194,LeeLee
2194,2195,Collegekid
2195,2196,danyturco
2196,2197,Praline
2197,2198,Kris1990
2198,2199,Auburngirl65
2199,2200,fvsucat
2200,2201,Tazman
2201,2202,chyoung
2202,2203,Hime1
2203,2204,Leslie
2204,2205,Rosiel83
2205,2206,Abam1280
2206,2207,Hoody114
2207,2208,porr
2208,2209,Misslabyrinth48
2209,2210,simp141
2210,2211,jtloov
2211,2212,LadyNixie
2212,2213,schmoozer
2213,2214,Randy
2214,2215,ronlen
2215,2216,Np71
2216,2217,Jinn
2217,2218,Jorge6541
2218,2219,exorcist
2219,2220,Sllysmly
2220,2221,Halibit
2221,2222,JessE
2222,2223,Robe12
2223,2224,Eaglenut1
2224,2225,Jrb1
2225,2226,Moms
2226,2227,Spot
2227,2228,Hed85
2228,2229,WinstonChurchill
2229,2230,Bbillie
2230,2231,BradmanTX
2231,2232,None
2232,2233,Charlie
2233,2234,Woody
2234,2235,scobby9709
2235,2236,Jslu
2236,2237,Jacque
2237,2238,Gator
2238,2239,paulfii
2239,2240,Bamboozler
2240,2241,TxnPwrBeard
2241,2242,tmcg
2242,2243,Jami
2243,2244,Pinger
2244,2245,JHAZ
2245,2246,Brew
2246,2247,Bean
2247,2248,Sathya
2248,2249,jbarrmac
2249,2250,pura
2250,2251,peelove
2251,2252,drjpitbulljudge
2252,2253,Shak
2253,2254,Amber
2254,2255,Ozzie
2255,2256,Friend
2256,2257,Harringsh1
2257,2258,Gamer
2258,2259,JandL
2259,2260,Kstategirl
2260,2261,Marceloecalderon
2261,2262,cadmark
2262,2263,Dexterpie
2263,2264,SurfingJohn
2264,2265,Corey12345
2265,2266,Malissa
2266,2267,Momofthree
2267,2268,ileftit2
2268,2269,happygrandparent
2269,2270,Townes2
2270,2271,Icequeen33983
2271,2272,Italianqueen33
2272,2273,Catelyn
2273,2274,elgrannada
2274,2275,Delo
2275,2276,DavidB
2276,2277,Joey2380
2277,2278,shopper
2278,2279,Nino
2279,2280,Momof5
2280,2281,Twerkd
2281,2282,Jason
2282,2283,JKL73
2283,2284,TAT4
2284,2285,Sponge
2285,2286,Efren
2286,2287,drummer1961
2287,2288,poolman57
2288,2289,Msh421
2289,2290,Darkanqei
2290,2291,Stainlessblack
2291,2292,RickN2244
2292,2293,Carolyn
2293,2294,Josh
2294,2295,Deemeg
2295,2296,Johnamartin
2296,2297,Ed51648
2297,2298,Twinla
2298,2299,Stevesim
2299,2300,Hillpark
2300,2301,Curlys
2301,2302,Goldenspire
2302,2303,joel
2303,2304,jrcfh
2304,2305,Quilter
2305,2306,Hunny
2306,2307,Pedro
2307,2308,Lindle
2308,2309,PlasmaGuys
2309,2310,bart
2310,2311,roland
2311,2312,Shannon
2312,2313,Shortcake
2313,2314,ukie
2314,2315,9796
2315,2316,QOE620
2316,2317,Gadget
2317,2318,BestShane
2318,2319,Alo73
2319,2320,Sherell
2320,2321,marinemom
2321,2322,LovingLola
2322,2323,MissouriGirl
2323,2324,AdamT
2324,2325,wagostini
2325,2326,grace
2326,2327,Rocker
2327,2328,Savara
2328,2329,Gam1
2329,2330,Goofycolucci
2330,2331,satisfiedcustomer229
2331,2332,julyfly
2332,2333,MaizeNBlue
2333,2334,Minnie
2334,2335,lpgalke123
2335,2336,Gina
2336,2337,MikeG
2337,2338,TylerPS
2338,2339,Christi
2339,2340,kimsanity
2340,2341,Welsh
2341,2342,Plucky
2342,2343,JordanL
2343,2344,homemaker
2344,2345,Cubfan
2345,2346,Elizroybal
2346,2347,sully81785
2347,2348,bjenk
2348,2349,Angelo
2349,2350,dspinpw
2350,2351,PokeyTshirts
2351,2352,Susana
2352,2353,Mytwoboyz25
2353,2354,Lauri
2354,2355,vern
2355,2356,My5joys
2356,2357,parizork
2357,2358,Freezing
2358,2359,Djoyner
2359,2360,Panos
2360,2361,blargh22
2361,2362,Tupiman
2362,2363,AcidBobJ
2363,2364,Bri1234
2364,2365,maxie28
2365,2366,Audra
2366,2367,RobertNativeNewYorker
2367,2368,erockmon
2368,2369,Firekindle
2369,2370,Katie1117
2370,2371,RobWtx
2371,2372,Gustavo
2372,2373,Value6
2373,2374,MovieDad
2374,2375,Blue
2375,2376,Mia1
2376,2377,Shanda
2377,2378,DaveZ
2378,2379,soldado1
2379,2380,Pmaxie
2380,2381,str4920
2381,2382,Mzmaria
2382,2383,hlmjbm
2383,2384,pblee54
2384,2385,Andy
2385,2386,Hne2005
2386,2387,emilyjones
2387,2388,Tlapee
2388,2389,lvmydog
2389,2390,Pumpkin
2390,2391,Cobber
2391,2392,TommytgeKid1967
2392,2393,ChrisS26
2393,2394,HappyNerd
2394,2395,Beckie
2395,2396,Mamax3
2396,2397,Star
2397,2398,dcal1959
2398,2399,Willow
2399,2400,eurob
2400,2401,RonG
2401,2402,jfishy112
2402,2403,DrJK
2403,2404,Samuelroscoe1
2404,2405,Elnolo13
2405,2406,mwright286
2406,2407,Kindleking
2407,2408,OftheCat
2408,2409,Hunternels
2409,2410,dk22
2410,2411,MrPhilTX
2411,2412,Chio
2412,2413,Bserkt
2413,2414,Jess
2414,2415,Vanessa
2415,2416,DebraPants
2416,2417,almosta
2417,2418,Dori
2418,2419,Mrawesome
2419,2420,DJBryce
2420,2421,GrammyTeapot
2421,2422,Lizs
2422,2423,RudysReview
2423,2424,wyodog
2424,2425,BreakfastClub
2425,2426,WDExternaldrive
2426,2427,Smokey
2427,2428,JudyKnit
2428,2429,Cherbear
2429,2430,Autotech21
2430,2431,Crod
2431,2432,rayhan
2432,2433,Angel
2433,2434,gramma
2434,2435,Esflor
2435,2436,mybestbuy
2436,2437,Harley
2437,2438,patn
2438,2439,Scheu
2439,2440,MrGGarry
2440,2441,Bobb
2441,2442,Drej1785
2442,2443,Kat16
2443,2444,pennilaine
2444,2445,Mama1971
2445,2446,Ozzym
2446,2447,Schatzy
2447,2448,ChesapeakeTraveler
2448,2449,Bridge
2449,2450,Sparkygirl
2450,2451,B61MD1
2451,2452,LT235
2452,2453,swiff11
2453,2454,Kent
2454,2455,bdore1
2455,2456,Photos
2456,2457,Megan
2457,2458,Bruce
2458,2459,Flintlock
2459,2460,Greatdayne
2460,2461,Annie
2461,2462,Sharky
2462,2463,happ
2463,2464,Lyss
2464,2465,eagles4001
2465,2466,Kirkman
2466,2467,PaulsRv
2467,2468,Pat91
2468,2469,Aisha
2469,2470,Tootsie
2470,2471,Scottschub
2471,2472,DeDe
2472,2473,JamesBondFan
2473,2474,Admin
2474,2475,DeSi
2475,2476,bestbuyer
2476,2477,Cangri
2477,2478,Sirfern86
2478,2479,2happy2222
2479,2480,music2015
2480,2481,nest1819
2481,2482,Jpan5447
2482,2483,cames72
2483,2484,brolly4
2484,2485,Janet
2485,2486,TabletUser
2486,2487,Johnb09
2487,2488,TommyL
2488,2489,Brayden
2489,2490,Kristen
2490,2491,R2D2C3PO
2491,2492,Earthdog
2492,2493,DaveGS
2493,2494,Hilti
2494,2495,MC333
2495,2496,Photolaw
2496,2497,Ralph
2497,2498,Aria
2498,2499,Ohellknow
2499,2500,Holmes
2500,2501,mdelicio
2501,2502,Deebs
2502,2503,Ivonne1973
2503,2504,PegAtTheBeach
2504,2505,RudiP
2505,2506,MAslp
2506,2507,Jari16
2507,2508,ST19
2508,2509,Avalencia1285
2509,2510,jedkon1
2510,2511,beth
2511,2512,MollyLeigh
2512,2513,Themasterpiece
2513,2514,christina10
2514,2515,Sandy
2515,2516,Tina313
2516,2517,kashdollars
2517,2518,Aguirre
2518,2519,Scearls
2519,2520,Martin
2520,2521,Larry
2521,2522,Brat1
2522,2523,Katy
2523,2524,Gasman33
2524,2525,Clueless1
2525,2526,Sher
2526,2527,Cornell
2527,2528,Hellswife
2528,2529,Lesliet3
2529,2530,KensReview
2530,2531,ecasill2
2531,2532,Shutterbug
2532,2533,Hawk
2533,2534,Roel
2534,2535,Wheels
2535,2536,Stevmathew
2536,2537,PG13
2537,2538,LeeDamonehp
2538,2539,kittymama
2539,2540,Jodyc
2540,2541,Satisfiedcustomer2016
2541,2542,Sbux1
2542,2543,Rilo
2543,2544,Poohbear55
2544,2545,4MySis
2545,2546,Davesmith82
2546,2547,Addy07
2547,2548,CellPhoneGuy
2548,2549,Deanna58
2549,2550,MrsO
2550,2551,Tgiberson
2551,2552,guiz
2552,2553,drlarry
2553,2554,RDDG
2554,2555,IbDAH
2555,2556,Mzmoulder
2556,2557,Pross
2557,2558,BSMAC
2558,2559,Naomi
2559,2560,ddrraz
2560,2561,Caije04
2561,2562,Lexiplexxxxxi
2562,2563,Zimmy
2563,2564,Dottie
2564,2565,jubyjack
2565,2566,Riri
2566,2567,Devmack11
2567,2568,Paco77
2568,2569,Katalena
2569,2570,rustiz
2570,2571,TempeDiablo
2571,2572,Frangelica
2572,2573,Kld653
2573,2574,Ampy
2574,2575,ddOH
2575,2576,crabbyostrich
2576,2577,Dcmurphy1515
2577,2578,thegreatma
2578,2579,BKBEMTP
2579,2580,Tbgixxer
2580,2581,Sunny
2581,2582,Cagegod
2582,2583,Momof4boys
2583,2584,AceZ7
2584,2585,MintBeard
2585,2586,MajicMike
2586,2587,Coffeeme
2587,2588,Guinn
2588,2589,mother
2589,2590,Redtop
2590,2591,kmac
2591,2592,Peacockmorgan
2592,2593,bonniebonesw
2593,2594,Dink
2594,2595,BeAsY
2595,2596,Veebee
2596,2597,Jdsavannah
2597,2598,Superfoxusa
2598,2599,Wine
2599,2600,scoot
2600,2601,gameraim
2601,2602,Jane
2602,2603,Jasper
2603,2604,Tisha
2604,2605,EDixon
2605,2606,Pick
2606,2607,Ellis
2607,2608,TechWizFL
2608,2609,aaron
2609,2610,CLKC
2610,2611,Ursamajor
2611,2612,AmoM
2612,2613,Sparkle
2613,2614,Cath
2614,2615,Lyon7179
2615,2616,Czach
2616,2617,Matthew
2617,2618,AudioFan
2618,2619,Kat21
2619,2620,Roku
2620,2621,jmhenry
2621,2622,Papajoe
2622,2623,Dani
2623,2624,SkierBill
2624,2625,Antk
2625,2626,WINDY
2626,2627,TlmFNP
2627,2628,bpapa24
2628,2629,SarahD
2629,2630,Baddog
2630,2631,Richard
2631,2632,polaris
2632,2633,jlong
2633,2634,Leroi7
2634,2635,mitch22622
2635,2636,552018
2636,2637,Katiebug902
2637,2638,pewterz
2638,2639,Rmatter
2639,2640,Prazmatic
2640,2641,plooky
2641,2642,TechLover
2642,2643,Janny
2643,2644,Speeedy16
2644,2645,MissStephanie
2645,2646,SDgeek
2646,2647,sunbonnet
2647,2648,Manofsteel
2648,2649,GwenG
2649,2650,Punkini
2650,2651,247mom
2651,2652,Jeff
2652,2653,Jkool1
2653,2654,Twin
2654,2655,Radarblade
2655,2656,7722
2656,2657,melni
2657,2658,Rottweilerdad
2658,2659,Brucecg
2659,2660,SamTheCustomer
2660,2661,Fredd
2661,2662,Ryan
2662,2663,othmar
2663,2664,Jessie
2664,2665,Yoli
2665,2666,Ellie1
2666,2667,natm
2667,2668,Arra
2668,2669,MamaP
2669,2670,Joan68
2670,2671,mrdodgercazul
2671,2672,Techmama
2672,2673,Skidd
2673,2674,Brezz
2674,2675,MattieIce
2675,2676,Terry7
2676,2677,PLeyava
2677,2678,00Gambler
2678,2679,Anne
2679,2680,FMOM
2680,2681,Obrad
2681,2682,swhittak
2682,2683,Puglover
2683,2684,Marland
2684,2685,LindaK
2685,2686,rsorbo
2686,2687,ctl13
2687,2688,Compwhiz1313
2688,2689,davidjacobs21
2689,2690,MrTony
2690,2691,Toys2016
2691,2692,Muncy
2692,2693,PatriciaB
2693,2694,ALML
2694,2695,Sweet17
2695,2696,MikeB
2696,2697,Curtorim
2697,2698,LoganB
2698,2699,JayPeck
2699,2700,DJPB
2700,2701,wcpitboss
2701,2702,kennrzz
2702,2703,KenH
2703,2704,canman39
2704,2705,jesusmta
2705,2706,ISUgal
2706,2707,tinkerbell2
2707,2708,Grant
2708,2709,tommyboy
2709,2710,zane1222
2710,2711,ljbinion
2711,2712,Mechnugget
2712,2713,jude70
2713,2714,STEVEO
2714,2715,1244
2715,2716,LARudi
2716,2717,thatwasfun
2717,2718,BeeRocker
2718,2719,jenpebbles
2719,2720,Charmi
2720,2721,Srikanth
2721,2722,Shane
2722,2723,tank
2723,2724,Product
2724,2725,Tonyyo
2725,2726,dempshw
2726,2727,RobbieRob
2727,2728,Gmom
2728,2729,Diego
2729,2730,6392
2730,2731,mdharbarth
2731,2732,RickR
2732,2733,Chris
2733,2734,Sgard
2734,2735,Whitney
2735,2736,shane
2736,2737,Dawn
2737,2738,jennieb1
2738,2739,Michelles3
2739,2740,Piper
2740,2741,SWR55
2741,2742,WEWIII
2742,2743,mello
2743,2744,Tessa
2744,2745,DC74
2745,2746,Song
2746,2747,lucky
2747,2748,DarlingGrandkids11
2748,2749,johnbestbuy
2749,2750,Lindy
2750,2751,Terri
2751,2752,Kris
2752,2753,Isaac
2753,2754,Kimberjo
2754,2755,tablet
2755,2756,Leonard
2756,2757,Barbie
2757,2758,vickki
2758,2759,Matt
2759,2760,Turtle1
2760,2761,LPark
2761,2762,JPJZ
2762,2763,AuntieV
2763,2764,Mboo
2764,2765,njguy
2765,2766,PawPaw1412
2766,2767,BagelBytes
2767,2768,Will42
2768,2769,jjljrsc
2769,2770,wildflower
2770,2771,Melikey
2771,2772,jester8199
2772,2773,Jmoney
2773,2774,Zach
2774,2775,Gma5
2775,2776,GD23
2776,2777,rajkiran
2777,2778,WesNet
2778,2779,Stepheb
2779,2780,Biebs
2780,2781,Tamousku
2781,2782,Frankie
2782,2783,MattyC
2783,2784,PattiK
2784,2785,ScottyB
2785,2786,jessxhart
2786,2787,bobz
2787,2788,Firesout
2788,2789,HDelbrucke
2789,2790,DebC
2790,2791,Momma
2791,2792,Charles
2792,2793,Jill
2793,2794,Bluegodis
2794,2795,tinkerbell
2795,2796,Domoto
2796,2797,jerry
2797,2798,Animal51
2798,2799,Show
2799,2800,sdecaf
2800,2801,ochy
2801,2802,Slamajama
2802,2803,LDeBerry3
2803,2804,Chiron
2804,2805,trublqprnc
2805,2806,Erik
2806,2807,Ksdad16
2807,2808,Abriryan
2808,2809,Maroo
2809,2810,businessman53
2810,2811,Bobbi1928
2811,2812,Mayo
2812,2813,truckguru
2813,2814,Tazmin
2814,2815,FINKEL
2815,2816,rchat
2816,2817,kief4
2817,2818,JusGellin
2818,2819,Brandon
2819,2820,Maggie
2820,2821,Wonderbyrd
2821,2822,Jayden
2822,2823,JimMurdock
2823,2824,Meme
2824,2825,smarttv
2825,2826,LenTaylorWrites
2826,2827,Maryann
2827,2828,Kary
2828,2829,Samsungjunkie
2829,2830,LSGM
2830,2831,Jobie
2831,2832,Suzmox
2832,2833,Connie
2833,2834,Stevarino
2834,2835,peaches43
2835,2836,DaveF
2836,2837,JanM
2837,2838,BBBOB
2838,2839,Buddy
2839,2840,JohnP
2840,2841,yagga
2841,2842,ars9s
2842,2843,Asif
2843,2844,Mukesh
2844,2845,Steph05
2845,2846,Colin
2846,2847,techappreciator
2847,2848,Htownes32
2848,2849,Julumoru
2849,2850,Ou812
2850,2851,DARREN
2851,2852,rmills7
2852,2853,Stephy
2853,2854,katie
2854,2855,Slydawg
2855,2856,Momomorrell
2856,2857,Soundguy
2857,2858,moose49
2858,2859,Neeko
2859,2860,horseman
2860,2861,Jobin
2861,2862,dmod
2862,2863,RonsElectronicSales
2863,2864,Acidburn1
2864,2865,Rafiq
2865,2866,Trish
2866,2867,Smoke
2867,2868,yespicklejuiceisgood
2868,2869,Redneck
2869,2870,Drew
2870,2871,bbartunek
2871,2872,BestBuyJM
2872,2873,Kentuckygirl
2873,2874,JonM1102
2874,2875,Peter
2875,2876,Timmy
2876,2877,Lizcommack
2877,2878,Sook
2878,2879,Dqueen
2879,2880,Nola
2880,2881,gpro1
2881,2882,ForzaGamer
2882,2883,Tammy
2883,2884,Binlv
2884,2885,Fitzi
2885,2886,DanB
2886,2887,Mary4565
2887,2888,Yve0904
2888,2889,Lama9200
2889,2890,MilesMommy
2890,2891,Jay2017
2891,2892,GeminiBrenda
2892,2893,seniorcitizen
2893,2894,Tmcar
2894,2895,noname
2895,2896,Tygerz
2896,2897,merry
2897,2898,aboye004
2898,2899,HarryT
2899,2900,MisterReaper
2900,2901,johnjohn
2901,2902,MikeH
2902,2903,shop12
2903,2904,MDCthatsme
2904,2905,Birdman
2905,2906,Pearlie
2906,2907,ddscullyga
2907,2908,JDee
2908,2909,Mitchy
2909,2910,Rick1101
2910,2911,Petemoll
2911,2912,Carolyn1940
2912,2913,MrDX
2913,2914,gram
2914,2915,orrville
2915,2916,Katk
2916,2917,oldjohnsr
2917,2918,Akki
2918,2919,Asmith3
2919,2920,Polly
2920,2921,lac1223
2921,2922,macfan
2922,2923,Bigal658
2923,2924,Gwalk96
2924,2925,goblue69
2925,2926,QueenStTeresa
2926,2927,khoffee
2927,2928,Mleg
2928,2929,lous
2929,2930,TeamTns
2930,2931,J2hott23
2931,2932,bondmom
2932,2933,dm94101
2933,2934,lntr4550
2934,2935,Longbeach5150
2935,2936,missramsey
2936,2937,TbirdRoy
2937,2938,ChandlerBing
2938,2939,TXCJG
2939,2940,Goldduster
2940,2941,MGilmer
2941,2942,Lshaft1
2942,2943,Bandit78
2943,2944,world
2944,2945,Teach
2945,2946,Russell
2946,2947,sonosfan
2947,2948,Whyd1Ineedan1ckname
2948,2949,Janfer
2949,2950,Emad
2950,2951,marie03801
2951,2952,Gmeld
2952,2953,carebear
2953,2954,CarolDD
2954,2955,Likrockdiesel
2955,2956,Minimario
2956,2957,StarWars3DGeek
2957,2958,Ranger
2958,2959,Darjon
2959,2960,MeenaSai
2960,2961,BobM
2961,2962,richmond282
2962,2963,Ronrico3
2963,2964,Rami
2964,2965,itsme303
2965,2966,Julds
2966,2967,siva
2967,2968,Jazyjay
2968,2969,lgfan
2969,2970,BigO
2970,2971,Mrjoe
2971,2972,lesliebk
2972,2973,Bones
2973,2974,Collygirl
2974,2975,mkbremom
2975,2976,Carrillo
2976,2977,Zumbaqueen
2977,2978,Bianca
2978,2979,edmr
2979,2980,Gr8Andini
2980,2981,Momof2
2981,2982,CsMe
2982,2983,Blondie
2983,2984,NJS
2984,2985,mommamia
2985,2986,Crash862004
2986,2987,Updt
2987,2988,plc9393
2988,2989,S2000CR
2989,2990,TTex
2990,2991,Paloma
2991,2992,kcfla
2992,2993,jt123
2993,2994,mykeyee
2994,2995,Kev
2995,2996,KEW68
2996,2997,BassManMN
2997,2998,mahoney
2998,2999,Hugh
2999,3000,RickyBobby
3000,3001,EchoPlus
3001,3002,jecks
3002,3003,Virgil
3003,3004,Essie
3004,3005,hank
3005,3006,Breezy
3006,3007,Barbara
3007,3008,Nely
3008,3009,Primo84
3009,3010,jmcfarli
3010,3011,CitizenOfTheWorld
3011,3012,Sally
3012,3013,nickname
3013,3014,Buzzybee
3014,3015,Cindy
3015,3016,Helicop1
3016,3017,Bestbuycustomer1
3017,3018,TeachersEyewitnessNews
3018,3019,Mosh
3019,3020,Bestboy
3020,3021,Bud11dy
3021,3022,Pootoos
3022,3023,Jc2221
3023,3024,Tucka
3024,3025,Rswd10
3025,3026,PackAttack
3026,3027,Paul
3027,3028,jimc1936
3028,3029,Avery
3029,3030,jen53
3030,3031,Starchecker
3031,3032,Blackbaby1
3032,3033,Cristian
3033,3034,CHUCK
3034,3035,Fatboy13
3035,3036,flyboy
3036,3037,Mrsandymcclure
3037,3038,sfd55
3038,3039,Janderson10
3039,3040,BBConsumer
3040,3041,Ritch
3041,3042,CBP4
3042,3043,Tami2102
3043,3044,Robert
3044,3045,JohnA
3045,3046,texas21944
3046,3047,LDLL
3047,3048,skatardrummer
3048,3049,Watch
3049,3050,sunkamanitu
3050,3051,thehands
3051,3052,Zerafin
3052,3053,Psychobilly
3053,3054,Relativist
3054,3055,Ally
3055,3056,Elle
3056,3057,Teddi
3057,3058,Papaw
3058,3059,Lulu
3059,3060,lizyinmt
3060,3061,Rickgelo
3061,3062,Gospelnote2000
3062,3063,Yoshi
3063,3064,pam28594
3064,3065,magnoliacorner
3065,3066,Anncap
3066,3067,dpeter
3067,3068,Mingo
3068,3069,susanl825
3069,3070,ForeverAChicagoCubsFan
3070,3071,Bigboy
3071,3072,judyp14
3072,3073,UncleChetty
3073,3074,rollaroundman
3074,3075,ckl221
3075,3076,Mandu
3076,3077,Danaw
3077,3078,Dolphinfan
3078,3079,WhoMe
3079,3080,POE714
3080,3081,Rickster
3081,3082,Phil
3082,3083,bobe55
3083,3084,Angela
3084,3085,Mike57
3085,3086,Alexalover
3086,3087,Jodi
3087,3088,bill
3088,3089,Moviereviewernyc
3089,3090,Videoman
3090,3091,kingandmuvasworld
3091,3092,SummerDay
3092,3093,Reality1373
3093,3094,Hawknbyrd
3094,3095,NaveenKumar
3095,3096,jman
3096,3097,makamaka
3097,3098,SurfacePro2
3098,3099,David
3099,3100,BigSky
3100,3101,Erica
3101,3102,Annita
3102,3103,Vincentjay
3103,3104,Will
3104,3105,Eric
3105,3106,Ice73
3106,3107,chloe
3107,3108,GRANDMA
3108,3109,Moose104
3109,3110,Lemm
3110,3111,grandma
3111,3112,Alisha
3112,3113,Shawna
3113,3114,misterclean64
3114,3115,Mauro
3115,3116,kiyo
3116,3117,amjk
3117,3118,Edmond
3118,3119,Craigkoh
3119,3120,MyGus
3120,3121,CCSLC
3121,3122,Lilshorty917
3122,3123,Dano
3123,3124,MimiBabygirl
3124,3125,Alaska
3125,3126,Stir33
3126,3127,Granny
3127,3128,ROC1
3128,3129,Stephenm
3129,3130,Knight
3130,3131,RandyWatson
3131,3132,GregoryMichael
3132,3133,Andrewwarren
3133,3134,MrsB
3134,3135,Boochie1
3135,3136,AnthonyZ
3136,3137,Mtlugoff
3137,3138,Poise
3138,3139,Kojack
3139,3140,Cora
3140,3141,JMJ6
3141,3142,joesedita
3142,3143,LookoutNoah
3143,3144,BestBuyer
3144,3145,Dick
3145,3146,YesyV
3146,3147,redbone357
3147,3148,Alber
3148,3149,Marken
3149,3150,davnor
3150,3151,Jenco
3151,3152,BEN1
3152,3153,ccrotts
3153,3154,Smsanchez1213
3154,3155,Woodzy
3155,3156,MacBookAir15
3156,3157,Bill5
3157,3158,WifiExpander
3158,3159,Sevyn
3159,3160,Troutbum
3160,3161,ycart
3161,3162,tiger
3162,3163,Kate
3163,3164,loucop
3164,3165,Chris201
3165,3166,Sweet
3166,3167,Jeremen344
3167,3168,Stalin
3168,3169,DoktorJustice
3169,3170,Jcarter
3170,3171,Roseyj
3171,3172,STFD20
3172,3173,MTgirl406
3173,3174,Loomis
3174,3175,Tattooedindian
3175,3176,txchauffeurmom
3176,3177,mrchuck
3177,3178,CJEFF
3178,3179,Verne1
3179,3180,Maddog
3180,3181,Bouncer
3181,3182,Nachos
3182,3183,Jane17
3183,3184,gmo515151
3184,3185,STL5
3185,3186,SpartyForLife
3186,3187,Pookie
3187,3188,Andy23
3188,3189,houl
3189,3190,Markie
3190,3191,jtphxguy
3191,3192,Marg
3192,3193,Desertedwarvet
3193,3194,rys1981
3194,3195,Meb1
3195,3196,chocolate
3196,3197,Scooby423
3197,3198,JandM
3198,3199,redluong
3199,3200,paul
3200,3201,Tron
3201,3202,crlybrgr
3202,3203,Tmo5760
3203,3204,DonR
3204,3205,kellie16
3205,3206,SoggySandwich
3206,3207,Carter
3207,3208,Freebap36
3208,3209,FanofBestBuy
3209,3210,Shadow1966
3210,3211,gdallen58
3211,3212,JP315
3212,3213,genius
3213,3214,Farney
3214,3215,rochester
3215,3216,MWoods
3216,3217,Moomoo
3217,3218,Lydjya
3218,3219,Iboughtit
3219,3220,Aubbeyschell
3220,3221,Suppy1020
3221,3222,kingpcb
3222,3223,trang
3223,3224,Rjrock
3224,3225,CJTHERAINMAKER
3225,3226,engineers4eletronics
3226,3227,suzeqh
3227,3228,Jimfirstname
3228,3229,Nana
3229,3230,Stromboli
3230,3231,Sady
3231,3232,Brian
3232,3233,Budman
3233,3234,Gurkha
3234,3235,SGATE
3235,3236,domcab
3236,3237,1234
3237,3238,tc13
3238,3239,Coocoocachoo
3239,3240,MartinMom
3240,3241,DHPT
3241,3242,TBiggz
3242,3243,Jax5689
3243,3244,LexieCrews
3244,3245,WaMoo
3245,3246,jake
3246,3247,carm
3247,3248,Writer
3248,3249,buddah1
3249,3250,mom5
3250,3251,PghDad
3251,3252,blondie
3252,3253,ConsistentBuyer
3253,3254,beejay
3254,3255,Akrin
3255,3256,Patty60
3256,3257,jacks
3257,3258,Neat12
3258,3259,Mainesnow
3259,3260,Matan
3260,3261,wendy
3261,3262,2225254
3262,3263,Scangen
3263,3264,Tonyxhalo
3264,3265,CoCo
3265,3266,Blatzphomy
3266,3267,Deyanklow
3267,3268,cdman1214
3268,3269,DrG01
3269,3270,Boopette
3270,3271,Joe N
3271,3272,Lyric
3272,3273,poorteacher
3273,3274,chevys10
3274,3275,Mara77
3275,3276,Bernice
3276,3277,Juneplum67
3277,3278,Phobia3000
3278,3279,Bernard
3279,3280,MIMI
3280,3281,esanch31
3281,3282,Hills
3282,3283,Porsha85
3283,3284,KTinthe301
3284,3285,Akadink
3285,3286,Mine
3286,3287,Kaitkins
3287,3288,Shubbard66
3288,3289,Captain
3289,3290,Susan
3290,3291,Momfromga
3291,3292,Crawale
3292,3293,OneM45
3293,3294,Maria
3294,3295,dsievers
3295,3296,Jeckle
3296,3297,Alberto
3297,3298,Goober
3298,3299,Alan
3299,3300,Bgold
3300,3301,happybuyer
3301,3302,Ginger
3302,3303,Adam
3303,3304,Shopper05
3304,3305,discwizard70
3305,3306,bmthall
3306,3307,Toddy
3307,3308,AmyB
3308,3309,Antiseir
3309,3310,apple
3310,3311,Speedy
3311,3312,Jvav
3312,3313,Goodgame
3313,3314,GG13
3314,3315,Katherine
3315,3316,Dominic
3316,3317,xspecialforces
3317,3318,oufink
3318,3319,Roaddog
3319,3320,Adette
3320,3321,Michi
3321,3322,happyuser
3322,3323,Everedyvette
3323,3324,Miggie213
3324,3325,Wendy
3325,3326,Discovery1
3326,3327,8856
3327,3328,BtownFarmer
3328,3329,Ronnie
3329,3330,Iceberg
3330,3331,kayakmeme
3331,3332,Readerman
3332,3333,ShareBear11
3333,3334,Jerry
3334,3335,barom
3335,3336,classicman
3336,3337,JerryA
3337,3338,Brad
3338,3339,Jdlk1
3339,3340,Yankeemaria
3340,3341,katte
3341,3342,Gomes11
3342,3343,Ynot
3343,3344,Toshalee
3344,3345,TeaKae
3345,3346,TXphotog
3346,3347,Kika
3347,3348,Xamdersmum
3348,3349,Hope
3349,3350,wcy405100
3350,3351,Marisa
3351,3352,Iavn1
3352,3353,w8261
3353,3354,NICK
3354,3355,Kenneth
3355,3356,coolcat
3356,3357,Lucy
3357,3358,HuHugo
3358,3359,Raiderrulz
3359,3360,neon
3360,3361,Jrsmith
3361,3362,Britta
3362,3363,badgerdog
3363,3364,Charlierose99
3364,3365,Victor
3365,3366,Mgates
3366,3367,GloB
3367,3368,Sophmax
3368,3369,Gary
3369,3370,Tookeno
3370,3371,DeeDee
3371,3372,Onaleona
3372,3373,Tanya
3373,3374,Tools17
3374,3375,CoolMom
3375,3376,Mickey1960
3376,3377,Cruz
3377,3378,Grammie
3378,3379,Squirrel
3379,3380,Smurf
3380,3381,HowardF
3381,3382,KatNat
3382,3383,Allen
3383,3384,Amanda
3384,3385,Yomo
3385,3386,Zizou
3386,3387,Elvis
3387,3388,Gobucks13
3388,3389,Hoss
3389,3390,Shelly
3390,3391,dieselxdan
3391,3392,tsh2
3392,3393,Pglmr
3393,3394,Rosado79
3394,3395,Alt2Max2
3395,3396,Msvlm05
3396,3397,BlindSeer
3397,3398,Skonrad
3398,3399,Nursetel75
3399,3400,Deyaan
3400,3401,latoshavns
3401,3402,LoungeLizard
3402,3403,romaeeeeee
3403,3404,BigBen12
3404,3405,AlexaShow
3405,3406,santa
3406,3407,Lucilu
3407,3408,gllanes
3408,3409,Emily
3409,3410,Deborah
3410,3411,davood01
3411,3412,craftie
3412,3413,pneks2001
3413,3414,clc4912
3414,3415,Thisguy
3415,3416,Lessingboy
3416,3417,Rickyvic
3417,3418,GodFreeXChoice
3418,3419,Mom2boys
3419,3420,Shadyshaw
3420,3421,minnow
3421,3422,TeamTecmoBowl
3422,3423,X0rachel89
3423,3424,Caboman
3424,3425,lexa
3425,3426,BMS12344321
3426,3427,trussit
3427,3428,javajenny2k
3428,3429,Priyesh3d3
3429,3430,Jeanne
3430,3431,Techguy
3431,3432,botno
3432,3433,kpartipilo
3433,3434,BigBadUglyDude
3434,3435,jjay
3435,3436,Vegas
3436,3437,Gloria
3437,3438,jimtech
3438,3439,Duna
3439,3440,Chinna
3440,3441,sherry3
3441,3442,Rmptat65
3442,3443,BuckS
3443,3444,COCO
3444,3445,Eddie
3445,3446,EFYevan333
3446,3447,kathy
3447,3448,NeoBlaze
3448,3449,Tral70
3449,3450,SeanRyan
3450,3451,ylmurph
3451,3452,Hilts65
3452,3453,Chase
3453,3454,HEATHER
3454,3455,Shibby
3455,3456,fatpants
3456,3457,bobby
3457,3458,Brandi
3458,3459,Natty
3459,3460,dlb1
3460,3461,Rkhart
3461,3462,PhilKG
3462,3463,Kobe
3463,3464,Amstel
3464,3465,rezawimath
3465,3466,Xaso
3466,3467,MTR81
3467,3468,FootballKicker
3468,3469,George
3469,3470,teresa052
3470,3471,Geno
3471,3472,Jamie
3472,3473,gr8whtshrk
3473,3474,Cherry
3474,3475,Christy
3475,3476,quickshot
3476,3477,JUD1213
3477,3478,mytoy
3478,3479,Vinny61
3479,3480,LJ1966
3480,3481,bluesky2000
3481,3482,Shopper
3482,3483,Howie
3483,3484,HappyShopper
3484,3485,Buyer
3485,3486,Princess73
3486,3487,Glorybound
3487,3488,GOBstopper
3488,3489,LazyParent
3489,3490,Esteban
3490,3491,tctapes
3491,3492,Beepersp17
3492,3493,Nette
3493,3494,Retired210
3494,3495,Rue8666
3495,3496,Mommymoves
3496,3497,Speedy98
3497,3498,Fiero
3498,3499,FrequentCustomer
3499,3500,Turtle
3500,3501,Nikki
3501,3502,HansGT
3502,3503,sherrybelle
3503,3504,Selly
3504,3505,Buckeyew
3505,3506,Joker
3506,3507,Bull
3507,3508,Jnev
3508,3509,BUDMAN
3509,3510,Lng10
3510,3511,Grandpa
3511,3512,Cavllie
3512,3513,grock2727
3513,3514,BigBad
3514,3515,Burnsfly
3515,3516,jediliz
3516,3517,Coach
3517,3518,Sarah
3518,3519,Niceguy
3519,3520,KrissMG
3520,3521,GEM310
3521,3522,LuanneKM
3522,3523,Sandan
3523,3524,Dkw1211
3524,3525,rktwrench
3525,3526,Hargrave
3526,3527,lnunez
3527,3528,plasmajunkie
3528,3529,senia863
3529,3530,CanyonAg
3530,3531,AlexaTheDOT
3531,3532,Rosie
3532,3533,BMosley
3533,3534,Ramiro19
3534,3535,TVLover
3535,3536,ThisFord
3536,3537,washer
3537,3538,Negrosylar619
3538,3539,LauraC
3539,3540,lIbrarylady
3540,3541,Ryan1972
3541,3542,D7A8
3542,3543,riki
3543,3544,Gma48
3544,3545,Pjoann
3545,3546,chimmychinchin
3546,3547,MrMac
3547,3548,Socks1971
3548,3549,Joeschmo
3549,3550,Stacie
3550,3551,mrmckay
3551,3552,Jake
3552,3553,Amiekat
3553,3554,tom62
3554,3555,Peanut
3555,3556,Kim3
3556,3557,DS47
3557,3558,LittleAVGuy
3558,3559,dckrc
3559,3560,Dropp
3560,3561,cyborg1701d
3561,3562,Kimmy
3562,3563,Altman
3563,3564,reality1373
3564,3565,greygirl
3565,3566,Aleek
3566,3567,mikey68
3567,3568,PurpleRoz
3568,3569,TaylorB
3569,3570,coldsteel07
3570,3571,Daisy714
3571,3572,kkai
3572,3573,Psmithph3
3573,3574,Willie
3574,3575,HSTulsa
3575,3576,preciousmickeyfan
3576,3577,RanStan
3577,3578,liza
3578,3579,fatdude
3579,3580,JRDD
3580,3581,Shelley
3581,3582,Lori
3582,3583,2617
3583,3584,ZIUK
3584,3585,Benjamin
3585,3586,Neonlady96
3586,3587,Natalie
3587,3588,beaukeen
3588,3589,mikepapp13
3589,3590,Deb59
3590,3591,ant12
3591,3592,Faye
3592,3593,Sammie
3593,3594,rick
3594,3595,bonnie
3595,3596,shorty
3596,3597,Tmp24
3597,3598,NCGuy
3598,3599,Tisdale0504
3599,3600,Mabi52004
3600,3601,MamaDee
3601,3602,Sfisher
3602,3603,betty883
3603,3604,Caiya
3604,3605,Cajunconeman
3605,3606,mediaropa
3606,3607,cookie1982
3607,3608,Fievel22
3608,3609,Texassue
3609,3610,usbuser128gb
3610,3611,Gwyndolyn
3611,3612,TechyHome
3612,3613,NanainBeanTown
3613,3614,Mike
3614,3615,Aiden
3615,3616,Danny
3616,3617,Gemini117
3617,3618,LadyG0726
3618,3619,MrDB
3619,3620,Sunnygirl20
3620,3621,MrMig
3621,3622,drs23
3622,3623,Floridamom
3623,3624,MTH51
3624,3625,RJKK
3625,3626,Berto
3626,3627,Rock
3627,3628,Jimfrazier
3628,3629,Casy
3629,3630,pbrown
3630,3631,sebo1
3631,3632,Eicfi
3632,3633,MSum
3633,3634,Rusty
3634,3635,Butterfingers
3635,3636,Beatrice
3636,3637,Acullen
3637,3638,Kokko
3638,3639,Justin
3639,3640,Kelley
3640,3641,chi511
3641,3642,Kennymac
3642,3643,jewel2
3643,3644,Tricey
3644,3645,gadgetguy11
3645,3646,wbp874
3646,3647,Cidsue
3647,3648,HonestReview
3648,3649,Honydear
3649,3650,Barb
3650,3651,ohwelles
3651,3652,Josh0526
3652,3653,marine1961
3653,3654,monkey
3654,3655,Kimw
3655,3656,tealady
3656,3657,Melcuermba
3657,3658,Odogg
3658,3659,danny
3659,3660,Tony9485
3660,3661,Naazi
3661,3662,Jfhman001
3662,3663,Gmamarcia
3663,3664,Gavin
3664,3665,Bigfoot
3665,3666,nemi
3666,3667,panski
3667,3668,Avaluv
3668,3669,Monte
3669,3670,treehuggnmom
3670,3671,Mark
3671,3672,JRein
3672,3673,Saejosh
3673,3674,TWoods
3674,3675,ibeb71
3675,3676,oldschool
3676,3677,Azjeff4545
3677,3678,wallymich
3678,3679,ereaderreader
3679,3680,TheDigialGuy
3680,3681,Justblade
3681,3682,SNMJR
3682,3683,Parklander
3683,3684,Reviewerjay
3684,3685,KACI
3685,3686,Loui
3686,3687,seenu
3687,3688,JoJo
3688,3689,Kali
3689,3690,Fingers72
3690,3691,KEBB
3691,3692,TOPD6591
3692,3693,Poppy
3693,3694,Purchaser1
3694,3695,Andrea
3695,3696,Libbie
3696,3697,liltweetaf
3697,3698,Dwise6
3698,3699,Sam318
3699,3700,notonfire1
3700,3701,Kay102
3701,3702,Denise
3702,3703,Pigtownereject
3703,3704,RugbyRef
3704,3705,Hamalton
3705,3706,Bob5397
3706,3707,Rayg
3707,3708,Betty
3708,3709,Sarthak
3709,3710,Stephwilkes
3710,3711,EmptyLogic
3711,3712,soccermom
3712,3713,ANdy
3713,3714,RoseB
3714,3715,WifiG
3715,3716,Anton
3716,3717,kls6199
3717,3718,julio
3718,3719,SkyWatcher
3719,3720,Toddler
3720,3721,Missomally
3721,3722,AnandPatel
3722,3723,Ninojoda
3723,3724,SavvyShopper
3724,3725,Aurelio77
3725,3726,ladydee71
3726,3727,Budd
3727,3728,Tam77
3728,3729,rayray
3729,3730,Samojus
3730,3731,Edie
3731,3732,jdag
3732,3733,Hidier
3733,3734,Smarthome
3734,3735,Fizz
3735,3736,mayra0484
3736,3737,sally
3737,3738,Bigapple
3738,3739,Chillypr
3739,3740,dysj
3740,3741,Lizmomof4
3741,3742,Atwilliam
3742,3743,HP09
3743,3744,androo
3744,3745,Tdobby13
3745,3746,CharliesMom
3746,3747,Bigboatchips
3747,3748,STRIPYGOOSE
3748,3749,Pdavis
3749,3750,maximilian
3750,3751,rae89
3751,3752,Rmpcbj
3752,3753,Caskade
3753,3754,Shoosh76
3754,3755,Bbshop
3755,3756,SweetADA
3756,3757,Alimae628
3757,3758,Hector
3758,3759,Dustin
3759,3760,Augieh
3760,3761,JWF46
3761,3762,sofiasmom101
3762,3763,TerryB
3763,3764,Lenbar
3764,3765,Chanel
3765,3766,toeka
3766,3767,Missy
3767,3768,69chopper
3768,3769,Jpk1
3769,3770,Anonymous
3770,3771,VinnieH
3771,3772,Yvette
3772,3773,FloridaOleFart
3773,3774,ucantcme69
3774,3775,Shashi
3775,3776,Hello
3776,3777,dennislwalker
3777,3778,Corey
3778,3779,Edixon206
3779,3780,Swamprat357
3780,3781,MrTee
3781,3782,customer
3782,3783,Jerichodaman
3783,3784,KitKat
3784,3785,reporich
3785,3786,Gregschaub05
3786,3787,Coycox
3787,3788,bball
3788,3789,Tully1923
3789,3790,BPh1
3790,3791,ravip005
3791,3792,Karen
3792,3793,Otterboxbuyer
3793,3794,kmat
3794,3795,MarvintheMartian
3795,3796,mnbdude
3796,3797,lumpympc
3797,3798,Davedz87
3798,3799,Tiffj
3799,3800,jjhippo
3800,3801,Jays
3801,3802,Manuelm
3802,3803,Kmeireles
3803,3804,GoodPC
3804,3805,anneray
3805,3806,MartiAn
3806,3807,sub12
3807,3808,santon
3808,3809,ericandlisa
3809,3810,collisionadvice
3810,3811,Pugga
3811,3812,StereoDJ
3812,3813,Spicoly
3813,3814,Jandevito
3814,3815,metalbabe81
